﻿Designator,Quantity,Value,Footprint,Package,MPN,DNP,Mount_Type,Description,MF,MAXIMUM_PACKAGE_HEIGHT,Price,Check_prices,STANDARD,PARTREV,SnapEDA_Link,MP,Description_1,Availability,MANUFACTURER,SNAPEDA_PN
BZ1,1,Buzzer,Buzzer_15x7.5RM7.6,,,,tht,"Buzzer, polarized",,,,,,,,,,,,
J1,1,PJ324M,WENZHOU_PJ324M,Package,,,tht,,Wenzhou QingPu Electronics Co.Ltd,6.3mm,None,https://www.snapeda.com/parts/PJ324M/Wenzhou+QingPu+Electronics+Co.Ltd/view-part/?ref=eda,Manufacturer Recommendations,N/A,https://www.snapeda.com/parts/PJ324M/Wenzhou+QingPu+Electronics+Co.Ltd/view-part/?ref=snap,PJ324M,Headphone Stereo jack/Audio connector,Not in stock,Wenzhou QingPu Electronics,
U1,1,ADAFRUIT_QT_PY,MODULE_ADAFRUIT_QT_PY,None,,,tht,,Adafruit Industries,6.28 mm,None,https://www.snapeda.com/parts/Adafruit%20QT%20Py/Adafruit+Industries/view-part/?ref=eda,IPC-7351B,2022-12-12,https://www.snapeda.com/parts/Adafruit%20QT%20Py/Adafruit+Industries/view-part/?ref=snap,Adafruit QT Py,Castellated Pads - SAMD21 Dev Board with STEMMA QT,Not in stock,Adafruit Industries,Adafruit QT Py
U2,1,PJ-320A,TRRS-PJ-320A,,,,tht,,,,,,,,,,,,,
